{
  "constraint_analysis": {
    "original": {
      "mean_se": 0.4769935326516212,
      "std_se": 0.011864441706488916,
      "min_se": 0.46643162840107966,
      "max_se": 0.5579332447298094
    },
    "reconstructed": {
      "mean_se": 0.47337877470515705,
      "std_se": 0.007954293921105374,
      "min_se": 0.4623357285668144,
      "max_se": 0.523536389246842
    },
    "improvement": {
      "mean_shift": -0.0036147579464641533,
      "std_reduction": 0.003910147785383542,
      "distance_to_1": 0.526621225294843
    },
    "hypothesis_test": {
      "t_statistic": -517.084645724663,
      "p_value": 8.507882117865419e-113,
      "reject_null": true
    }
  },
  "training_history": {
    "train_loss": [
      1.1735665798187256,
      1.111907998720805,
      1.0402257045110066,
      0.9853683114051819,
      0.9081560969352722,
      0.881382962067922,
      0.859379251797994,
      0.8215931455294291,
      0.7963131864865621,
      0.7527522444725037,
      0.7521890799204508,
      0.7353066205978394,
      0.7420743306477865,
      0.7090774774551392,
      0.665407677491506,
      0.6612447698911031,
      0.6479333241780599,
      0.6138445734977722,
      0.6062161525090536,
      0.5987908442815145,
      0.6404079596201578,
      0.5847944418589274,
      0.5902488827705383,
      0.5611092845598856,
      0.5426700909932455,
      0.5124015112717947,
      0.49529019991556805,
      0.49075980981191,
      0.48315171400705975,
      0.4891054332256317,
      0.48307979106903076,
      0.44737594326337177,
      0.46152374148368835,
      0.43367775281270343,
      0.4579574763774872,
      0.4346817036469777,
      0.44695043563842773,
      0.4458351234594981,
      0.42519612113634747,
      0.39785414934158325,
      0.37542468309402466,
      0.3786349594593048,
      0.39901648958524066,
      0.3756670653820038,
      0.352975736061732,
      0.341595580180486,
      0.3642872969309489,
      0.3402870098749797,
      0.33385639389355976,
      0.3092121382554372
    ],
    "val_loss": [
      0.8251460194587708,
      0.8262266516685486,
      0.8284562826156616,
      0.8313319087028503,
      0.8354359269142151,
      0.8407422304153442,
      0.846869945526123,
      0.8528242707252502,
      0.8583245873451233,
      0.8650366067886353,
      0.8679080009460449,
      0.8701379299163818,
      0.873856782913208,
      0.8799572587013245,
      0.8867361545562744,
      0.892868161201477,
      0.8939284086227417,
      0.8978958129882812,
      0.9021099805831909,
      0.9054496884346008,
      0.909446120262146,
      0.9135746955871582,
      0.9158251881599426,
      0.9186264276504517,
      0.9214027523994446,
      0.923270583152771,
      0.9291579127311707,
      0.9327995181083679,
      0.9345716834068298,
      0.9326207041740417,
      0.9293298125267029,
      0.9316967725753784,
      0.9355112910270691,
      0.937594473361969,
      0.9381720423698425,
      0.9395608901977539,
      0.9420089721679688,
      0.9459454417228699,
      0.9401823878288269,
      0.9453585743904114,
      0.9472166299819946,
      0.9524398446083069,
      0.9564401507377625,
      0.9597044587135315,
      0.9640106558799744,
      0.9625725150108337,
      0.9641939997673035,
      0.9626757502555847,
      0.9649795293807983,
      0.9678127765655518
    ]
  },
  "model_info": {
    "input_dim": 768,
    "latent_dim": 9,
    "compression_ratio": 85.33333333333333,
    "parameters": 1141799
  },
  "data_info": {
    "n_samples": 62,
    "average_similarity": 0.9482601350401464,
    "document_magnitude": 18.203710556030273
  }
}